<?xml version="1.0" encoding="UTF-8"?>
<spirit:component xmlns:spirit="http://www.spiritconsortium.org/XMLSchema/SPIRIT/1.4" xmlns:xsi="http://www.w3.org/2001/XMLSchema-instance">
	<spirit:vendor>Numato Lab</spirit:vendor>
	<spirit:library>bsb_lib.boards</spirit:library>
	<spirit:name>SaturnDevBoardLX45</spirit:name>
	<spirit:version>3.0</spirit:version>
	<spirit:busInterfaces>
		<spirit:busInterface>
			<spirit:name>clock_0</spirit:name>
			<spirit:busType spirit:vendor="xilinx.com" spirit:library="bsb_lib.rtl_busdefs" spirit:name="clock" spirit:version="1.0"/>
			<spirit:abstractionType spirit:vendor="xilinx.com" spirit:library="bsb_lib.rtl_busdefs" spirit:name="clock_rtl" spirit:version="1.0"/>
			<spirit:master>
			</spirit:master>
			<spirit:portMaps>
				<spirit:portMap>
					<spirit:logicalPort>
						<spirit:name>CLK</spirit:name>
					</spirit:logicalPort>
					<spirit:physicalPort>
						<spirit:name>CLK_100MHZ</spirit:name>
					</spirit:physicalPort>
				</spirit:portMap>
			</spirit:portMaps>
			<spirit:parameters>
				<spirit:parameter>
					<spirit:name>frequency</spirit:name>
					<spirit:value spirit:format="long" spirit:resolve="immediate" spirit:id="refclk_frequency_0" spirit:minimum="100000000" spirit:maximum="100000000" spirit:rangeType="int">100000000</spirit:value>
				</spirit:parameter>
			</spirit:parameters>
		</spirit:busInterface>
		<spirit:busInterface>
			<spirit:name>reset_0</spirit:name>
			<spirit:busType spirit:vendor="xilinx.com" spirit:library="bsb_lib.rtl_busdefs" spirit:name="reset" spirit:version="1.0"/>
			<spirit:abstractionType spirit:vendor="xilinx.com" spirit:library="bsb_lib.rtl_busdefs" spirit:name="reset_rtl" spirit:version="1.0"/>
			<spirit:master>
			</spirit:master>
			<spirit:portMaps>
				<spirit:portMap>
					<spirit:logicalPort>
						<spirit:name>RESET</spirit:name>
					</spirit:logicalPort>
					<spirit:physicalPort>
						<spirit:name>RESET</spirit:name>
					</spirit:physicalPort>
				</spirit:portMap>
			</spirit:portMaps>
			<spirit:parameters>
				<spirit:parameter>
					<spirit:name>RST_POLARITY</spirit:name>
					<spirit:value spirit:format="string" spirit:resolve="immediate" spirit:id="reset_polarity">1</spirit:value>
				</spirit:parameter>
			</spirit:parameters>
		</spirit:busInterface>
		<spirit:busInterface>
			<spirit:name>GPIO_HDRP2_PORT0</spirit:name>
			<spirit:busType spirit:vendor="xilinx.com" spirit:library="bsb_lib.rtl_busdefs" spirit:name="gpio" spirit:version="1.0"/>
			<spirit:abstractionType spirit:vendor="xilinx.com" spirit:library="bsb_lib.rtl_busdefs" spirit:name="gpio_rtl" spirit:version="1.0"/>
			<spirit:master>
			</spirit:master>
			<spirit:portMaps>
				<spirit:portMap>
					<spirit:logicalPort>
						<spirit:name>TRI_IO</spirit:name>
					</spirit:logicalPort>
					<spirit:physicalPort>
						<spirit:name>GPIO_HEADER_P2_PORT0</spirit:name>
					</spirit:physicalPort>
				</spirit:portMap>
			</spirit:portMaps>
		</spirit:busInterface>
		<spirit:busInterface>
			<spirit:name>GPIO_HDRP2_PORT1</spirit:name>
			<spirit:busType spirit:vendor="xilinx.com" spirit:library="bsb_lib.rtl_busdefs" spirit:name="gpio" spirit:version="1.0"/>
			<spirit:abstractionType spirit:vendor="xilinx.com" spirit:library="bsb_lib.rtl_busdefs" spirit:name="gpio_rtl" spirit:version="1.0"/>
			<spirit:master>
			</spirit:master>
			<spirit:portMaps>
				<spirit:portMap>
					<spirit:logicalPort>
						<spirit:name>TRI_IO</spirit:name>
					</spirit:logicalPort>
					<spirit:physicalPort>
						<spirit:name>GPIO_HEADER_P2_PORT1</spirit:name>
					</spirit:physicalPort>
				</spirit:portMap>
			</spirit:portMaps>
		</spirit:busInterface>
		<spirit:busInterface>
			<spirit:name>GPIO_HDRP2_PORT2</spirit:name>
			<spirit:busType spirit:vendor="xilinx.com" spirit:library="bsb_lib.rtl_busdefs" spirit:name="gpio" spirit:version="1.0"/>
			<spirit:abstractionType spirit:vendor="xilinx.com" spirit:library="bsb_lib.rtl_busdefs" spirit:name="gpio_rtl" spirit:version="1.0"/>
			<spirit:master>
			</spirit:master>
			<spirit:portMaps>
				<spirit:portMap>
					<spirit:logicalPort>
						<spirit:name>TRI_IO</spirit:name>
					</spirit:logicalPort>
					<spirit:physicalPort>
						<spirit:name>GPIO_HEADER_P2_PORT2</spirit:name>
					</spirit:physicalPort>
				</spirit:portMap>
			</spirit:portMaps>
		</spirit:busInterface>
		<spirit:busInterface>
			<spirit:name>GPIO_HDRP3_PORT0</spirit:name>
			<spirit:busType spirit:vendor="xilinx.com" spirit:library="bsb_lib.rtl_busdefs" spirit:name="gpio" spirit:version="1.0"/>
			<spirit:abstractionType spirit:vendor="xilinx.com" spirit:library="bsb_lib.rtl_busdefs" spirit:name="gpio_rtl" spirit:version="1.0"/>
			<spirit:master>
			</spirit:master>
			<spirit:portMaps>
				<spirit:portMap>
					<spirit:logicalPort>
						<spirit:name>TRI_IO</spirit:name>
					</spirit:logicalPort>
					<spirit:physicalPort>
						<spirit:name>GPIO_HEADER_P3_PORT0</spirit:name>
					</spirit:physicalPort>
				</spirit:portMap>
			</spirit:portMaps>
		</spirit:busInterface>
		<spirit:busInterface>
			<spirit:name>GPIO_HDRP3_PORT1</spirit:name>
			<spirit:busType spirit:vendor="xilinx.com" spirit:library="bsb_lib.rtl_busdefs" spirit:name="gpio" spirit:version="1.0"/>
			<spirit:abstractionType spirit:vendor="xilinx.com" spirit:library="bsb_lib.rtl_busdefs" spirit:name="gpio_rtl" spirit:version="1.0"/>
			<spirit:master>
			</spirit:master>
			<spirit:portMaps>
				<spirit:portMap>
					<spirit:logicalPort>
						<spirit:name>TRI_IO</spirit:name>
					</spirit:logicalPort>
					<spirit:physicalPort>
						<spirit:name>GPIO_HEADER_P3_PORT1</spirit:name>
					</spirit:physicalPort>
				</spirit:portMap>
			</spirit:portMaps>
		</spirit:busInterface>
		<spirit:busInterface>
			<spirit:name>FT2232_UART</spirit:name>
			<spirit:busType spirit:vendor="xilinx.com" spirit:library="bsb_lib.rtl_busdefs" spirit:name="uart" spirit:version="1.0"/>
			<spirit:abstractionType spirit:vendor="xilinx.com" spirit:library="bsb_lib.rtl_busdefs" spirit:name="uart_rtl" spirit:version="1.0"/>
			<spirit:master>
			</spirit:master>
			<spirit:portMaps>
				<spirit:portMap>
					<spirit:logicalPort>
						<spirit:name>sout</spirit:name>
					</spirit:logicalPort>
					<spirit:physicalPort>
						<spirit:name>FT2232_UART_SOUT</spirit:name>
					</spirit:physicalPort>
				</spirit:portMap>
				<spirit:portMap>
					<spirit:logicalPort>
						<spirit:name>sin</spirit:name>
					</spirit:logicalPort>
					<spirit:physicalPort>
						<spirit:name>FT2232_UART_SIN</spirit:name>
					</spirit:physicalPort>
				</spirit:portMap>
			</spirit:portMaps>
		</spirit:busInterface>
		<spirit:busInterface>
			<spirit:name>LPDDR</spirit:name>
			<spirit:busType spirit:vendor="xilinx.com" spirit:library="bsb_lib.rtl_busdefs" spirit:name="ddr2_sdram" spirit:version="1.0"/>
			<spirit:abstractionType spirit:vendor="xilinx.com" spirit:library="bsb_lib.rtl_busdefs" spirit:name="ddr2_sdram_rtl" spirit:version="1.0"/>
			<spirit:master>
			</spirit:master>
			<spirit:portMaps>
				<spirit:portMap>
					<spirit:logicalPort>
						<spirit:name>clk</spirit:name>
					</spirit:logicalPort>
					<spirit:physicalPort>
						<spirit:name>mcbx_dram_clk</spirit:name>
					</spirit:physicalPort>
				</spirit:portMap>
				<spirit:portMap>
					<spirit:logicalPort>
						<spirit:name>clk_n</spirit:name>
					</spirit:logicalPort>
					<spirit:physicalPort>
						<spirit:name>mcbx_dram_clk_n</spirit:name>
					</spirit:physicalPort>
				</spirit:portMap>
				<spirit:portMap>
					<spirit:logicalPort>
						<spirit:name>cke</spirit:name>
					</spirit:logicalPort>
					<spirit:physicalPort>
						<spirit:name>mcbx_dram_cke</spirit:name>
					</spirit:physicalPort>
				</spirit:portMap>
				<spirit:portMap>
					<spirit:logicalPort>
						<spirit:name>ras_n</spirit:name>
					</spirit:logicalPort>
					<spirit:physicalPort>
						<spirit:name>mcbx_dram_ras_n</spirit:name>
					</spirit:physicalPort>
				</spirit:portMap>
				<spirit:portMap>
					<spirit:logicalPort>
						<spirit:name>cas_n</spirit:name>
					</spirit:logicalPort>
					<spirit:physicalPort>
						<spirit:name>mcbx_dram_cas_n</spirit:name>
					</spirit:physicalPort>
				</spirit:portMap>
				<spirit:portMap>
					<spirit:logicalPort>
						<spirit:name>we_n</spirit:name>
					</spirit:logicalPort>
					<spirit:physicalPort>
						<spirit:name>mcbx_dram_we_n</spirit:name>
					</spirit:physicalPort>
				</spirit:portMap>
				<spirit:portMap>
					<spirit:logicalPort>
						<spirit:name>ldm</spirit:name>
					</spirit:logicalPort>
					<spirit:physicalPort>
						<spirit:name>mcbx_dram_ldm</spirit:name>
					</spirit:physicalPort>
				</spirit:portMap>
				<spirit:portMap>
					<spirit:logicalPort>
						<spirit:name>udm</spirit:name>
					</spirit:logicalPort>
					<spirit:physicalPort>
						<spirit:name>mcbx_dram_udm</spirit:name>
					</spirit:physicalPort>
				</spirit:portMap>
				<spirit:portMap>
					<spirit:logicalPort>
						<spirit:name>ba</spirit:name>
					</spirit:logicalPort>
					<spirit:physicalPort>
						<spirit:name>mcbx_dram_ba</spirit:name>
					</spirit:physicalPort>
				</spirit:portMap>
				<spirit:portMap>
					<spirit:logicalPort>
						<spirit:name>addr</spirit:name>
					</spirit:logicalPort>
					<spirit:physicalPort>
						<spirit:name>mcbx_dram_addr</spirit:name>
					</spirit:physicalPort>
				</spirit:portMap>
				<spirit:portMap>
					<spirit:logicalPort>
						<spirit:name>dq</spirit:name>
					</spirit:logicalPort>
					<spirit:physicalPort>
						<spirit:name>mcbx_dram_dq</spirit:name>
					</spirit:physicalPort>
				</spirit:portMap>
				<spirit:portMap>
					<spirit:logicalPort>
						<spirit:name>dqs</spirit:name>
					</spirit:logicalPort>
					<spirit:physicalPort>
						<spirit:name>mcbx_dram_dqs</spirit:name>
					</spirit:physicalPort>
				</spirit:portMap>
				<spirit:portMap>
					<spirit:logicalPort>
						<spirit:name>udqs</spirit:name>
					</spirit:logicalPort>
					<spirit:physicalPort>
						<spirit:name>mcbx_dram_udqs</spirit:name>
					</spirit:physicalPort>
				</spirit:portMap>
				<spirit:portMap>
					<spirit:logicalPort>
						<spirit:name>rzq</spirit:name>
					</spirit:logicalPort>
					<spirit:physicalPort>
						<spirit:name>rzq</spirit:name>
					</spirit:physicalPort>
				</spirit:portMap>
			</spirit:portMaps>
		</spirit:busInterface>
	</spirit:busInterfaces>
	<spirit:model>
		<spirit:ports>
			<spirit:port>
				<spirit:name>CLK_100MHZ</spirit:name>
				<spirit:wire>
					<spirit:direction>in</spirit:direction>
				</spirit:wire>
			</spirit:port>
			<spirit:port>
				<spirit:name>RESET</spirit:name>
				<spirit:wire>
					<spirit:direction>in</spirit:direction>
				</spirit:wire>
			</spirit:port>
			<spirit:port>
				<spirit:name>GPIO_HEADER_P2_PORT0</spirit:name>
				<spirit:wire>
					<spirit:direction>inout</spirit:direction>
					<spirit:vector>
						<spirit:left>31</spirit:left>
						<spirit:right>0</spirit:right>
					</spirit:vector>
				</spirit:wire>
			</spirit:port>
			<spirit:port>
				<spirit:name>GPIO_HEADER_P2_PORT1</spirit:name>
				<spirit:wire>
					<spirit:direction>inout</spirit:direction>
					<spirit:vector>
						<spirit:left>31</spirit:left>
						<spirit:right>0</spirit:right>
					</spirit:vector>
				</spirit:wire>
			</spirit:port>
			<spirit:port>
				<spirit:name>GPIO_HEADER_P2_PORT2</spirit:name>
				<spirit:wire>
					<spirit:direction>inout</spirit:direction>
					<spirit:vector>
						<spirit:left>5</spirit:left>
						<spirit:right>0</spirit:right>
					</spirit:vector>
				</spirit:wire>
			</spirit:port>
			<spirit:port>
				<spirit:name>GPIO_HEADER_P3_PORT0</spirit:name>
				<spirit:wire>
					<spirit:direction>inout</spirit:direction>
					<spirit:vector>
						<spirit:left>31</spirit:left>
						<spirit:right>0</spirit:right>
					</spirit:vector>
				</spirit:wire>
			</spirit:port>
			<spirit:port>
				<spirit:name>GPIO_HEADER_P3_PORT1</spirit:name>
				<spirit:wire>
					<spirit:direction>inout</spirit:direction>
					<spirit:vector>
						<spirit:left>31</spirit:left>
						<spirit:right>0</spirit:right>
					</spirit:vector>
				</spirit:wire>
			</spirit:port>
			<spirit:port>
				<spirit:name>GPIO_HEADER_P3_PORT2</spirit:name>
				<spirit:wire>
					<spirit:direction>inout</spirit:direction>
					<spirit:vector>
						<spirit:left>1</spirit:left>
						<spirit:right>0</spirit:right>
					</spirit:vector>
				</spirit:wire>
			</spirit:port>
			<spirit:port>
				<spirit:name>FT2232_UART_SOUT</spirit:name>
				<spirit:wire>
					<spirit:direction>out</spirit:direction>
				</spirit:wire>
			</spirit:port>
			<spirit:port>
				<spirit:name>FT2232_UART_SIN</spirit:name>
				<spirit:wire>
					<spirit:direction>in</spirit:direction>
				</spirit:wire>
			</spirit:port>
			<spirit:port>
				<spirit:name>mcbx_dram_clk</spirit:name>
				<spirit:wire>
					<spirit:direction>out</spirit:direction>
				</spirit:wire>
			</spirit:port>
			<spirit:port>
				<spirit:name>mcbx_dram_clk_n</spirit:name>
				<spirit:wire>
					<spirit:direction>in</spirit:direction>
				</spirit:wire>
			</spirit:port>
			<spirit:port>
				<spirit:name>mcbx_dram_cke</spirit:name>
				<spirit:wire>
					<spirit:direction>out</spirit:direction>
				</spirit:wire>
			</spirit:port>
			<spirit:port>
				<spirit:name>mcbx_dram_ras_n</spirit:name>
				<spirit:wire>
					<spirit:direction>out</spirit:direction>
				</spirit:wire>
			</spirit:port>
			<spirit:port>
				<spirit:name>mcbx_dram_cas_n</spirit:name>
				<spirit:wire>
					<spirit:direction>out</spirit:direction>
				</spirit:wire>
			</spirit:port>
			<spirit:port>
				<spirit:name>mcbx_dram_we_n</spirit:name>
				<spirit:wire>
					<spirit:direction>out</spirit:direction>
				</spirit:wire>
			</spirit:port>
			<spirit:port>
				<spirit:name>mcbx_dram_ldm</spirit:name>
				<spirit:wire>
					<spirit:direction>out</spirit:direction>
				</spirit:wire>
			</spirit:port>
			<spirit:port>
				<spirit:name>mcbx_dram_udm</spirit:name>
				<spirit:wire>
					<spirit:direction>out</spirit:direction>
				</spirit:wire>
			</spirit:port>
			<spirit:port>
				<spirit:name>mcbx_dram_ba</spirit:name>
				<spirit:wire>
					<spirit:direction>in</spirit:direction>
					<spirit:vector>
						<spirit:left>1</spirit:left>
						<spirit:right>0</spirit:right>
					</spirit:vector>
				</spirit:wire>
			</spirit:port>
			<spirit:port>
				<spirit:name>mcbx_dram_addr</spirit:name>
				<spirit:wire>
					<spirit:direction>out</spirit:direction>
					<spirit:vector>
						<spirit:left>12</spirit:left>
						<spirit:right>0</spirit:right>
					</spirit:vector>
				</spirit:wire>
			</spirit:port>
			<spirit:port>
				<spirit:name>mcbx_dram_dq</spirit:name>
				<spirit:wire>
					<spirit:direction>inout</spirit:direction>
					<spirit:vector>
						<spirit:left>15</spirit:left>
						<spirit:right>0</spirit:right>
					</spirit:vector>
				</spirit:wire>
			</spirit:port>
			<spirit:port>
				<spirit:name>mcbx_dram_dqs</spirit:name>
				<spirit:wire>
					<spirit:direction>inout</spirit:direction>
				</spirit:wire>
			</spirit:port>
			<spirit:port>
				<spirit:name>mcbx_dram_udqs</spirit:name>
				<spirit:wire>
					<spirit:direction>inout</spirit:direction>
				</spirit:wire>
			</spirit:port>
			<spirit:port>
				<spirit:name>rzq</spirit:name>
				<spirit:wire>
					<spirit:direction>inout</spirit:direction>
				</spirit:wire>
			</spirit:port>
		</spirit:ports>
	</spirit:model>
	<spirit:description>Saturn is an easy to use FPGA Development board featuring Xilinx Spartan-6 FPGA. Saturn is specially designed for experimenting and learning system design with FPGAs. This development board features Xilinx XC6SLX series FPGA with FTDI FT2232H Dual-Channel USB device. The high speed USB 2.0 interface provides fast and easy configuration download to the on-board SPI flash. No programmer or special downloader cable is needed to download the bit stream to the board.</spirit:description>
	<spirit:parameters>
		<spirit:parameter>
			<spirit:name>ARCH_SUPPORT_MAP</spirit:name>
			<spirit:value></spirit:value>
		</spirit:parameter>
		<spirit:parameter>
			<spirit:name>HDL</spirit:name>
			<spirit:value>MIXED</spirit:value>
		</spirit:parameter>
		<spirit:parameter>
			<spirit:name>IMP_NETLIST</spirit:name>
			<spirit:value>FALSE</spirit:value>
		</spirit:parameter>
		<spirit:parameter>
			<spirit:name>IP_GROUP</spirit:name>
			<spirit:value>USER</spirit:value>
		</spirit:parameter>
		<spirit:parameter>
			<spirit:name>IPTYPE</spirit:name>
			<spirit:value>PERIPHERAL</spirit:value>
		</spirit:parameter>
		<spirit:parameter>
			<spirit:name>RUN_NGCBUILD</spirit:name>
			<spirit:value>FALSE</spirit:value>
		</spirit:parameter>
		<spirit:parameter>
			<spirit:name>STYLE</spirit:name>
			<spirit:value>HDL</spirit:value>
		</spirit:parameter>
		<spirit:parameter>
			<spirit:name>TCL_FILE</spirit:name>
			<spirit:value>saturndevboardlx45_v2_1_0.tcl</spirit:value>
		</spirit:parameter>
		<spirit:parameter>
			<spirit:name>TOP</spirit:name>
			<spirit:value>saturndevboardlx45</spirit:value>
		</spirit:parameter>
		<spirit:parameter>
			<spirit:name>VLNV</spirit:name>
			<spirit:value>Numato Lab|bsb_lib.boards|SaturnDevBoardLX45|3.0</spirit:value>
		</spirit:parameter>
		<spirit:parameter>
			<spirit:name>FAMILY</spirit:name>
			<spirit:value>spartan6</spirit:value>
		</spirit:parameter>
		<spirit:parameter>
			<spirit:name>DEVICE</spirit:name>
			<spirit:value>xc6slx45</spirit:value>
		</spirit:parameter>
		<spirit:parameter>
			<spirit:name>PACKAGE</spirit:name>
			<spirit:value>csg324</spirit:value>
		</spirit:parameter>
		<spirit:parameter>
			<spirit:name>SPEED_GRADE</spirit:name>
			<spirit:value>-2</spirit:value>
		</spirit:parameter>
		<spirit:parameter>
			<spirit:name>JTAG_POSITION</spirit:name>
			<spirit:value>1</spirit:value>
		</spirit:parameter>
		<spirit:parameter>
			<spirit:name>SPEC_URL</spirit:name>
			<spirit:value>http://numato.com/fpga-boards/xilinx/spartan6/saturn-spartan-6-fpga-development-board-with-ddr-sdram.html</spirit:value>
		</spirit:parameter>
		<spirit:parameter>
			<spirit:name>CONTACT_INFO_URL</spirit:name>
			<spirit:value>http://numato.com/contactus</spirit:value>
		</spirit:parameter>
		<spirit:parameter>
			<spirit:name>VendorName</spirit:name>
			<spirit:value>Numato Lab</spirit:value>
		</spirit:parameter>
		<spirit:parameter>
			<spirit:name>DisplayName</spirit:name>
			<spirit:value>Saturn Dev Board LX45</spirit:value>
		</spirit:parameter>
		<spirit:parameter>
			<spirit:name>LONG_DESC</spirit:name>
			<spirit:value>Saturn is an easy to use FPGA Development board featuring Xilinx Spartan-6 FPGA. Saturn is specially designed for experimenting and learning system design with FPGAs. This development board features Xilinx XC6SLX series FPGA with FTDI FT2232H Dual-Channel USB device. The high speed USB 2.0 interface provides fast and easy configuration download to the on-board SPI flash. No programmer or special downloader cable is needed to download the bit stream to the board.</spirit:value>
		</spirit:parameter>
	</spirit:parameters>
</spirit:component>
