"Pin Name","Pin Index","LOC","DIFF_TERM","DRIVE","IOSTANDARD","SLEW","TIG","PULLUP","PULLDOWN"
"CLK_100MHZ",,"V10",,,"LVCMOS33",,,,
,,,,,,,,,
"GPIO_HEADER_P3_PORT0",0,"G13",,,"LVCMOS33",,,,
"GPIO_HEADER_P3_PORT0",1,"H12",,,"LVCMOS33",,,,
"GPIO_HEADER_P3_PORT0",2,"K14",,,"LVCMOS33",,,,
"GPIO_HEADER_P3_PORT0",3,"J13",,,"LVCMOS33",,,,
"GPIO_HEADER_P3_PORT0",4,"H16",,,"LVCMOS33",,,,
"GPIO_HEADER_P3_PORT0",5,"H15",,,"LVCMOS33",,,,
"GPIO_HEADER_P3_PORT0",6,"H14",,,"LVCMOS33",,,,
"GPIO_HEADER_P3_PORT0",7,"H13",,,"LVCMOS33",,,,
"GPIO_HEADER_P3_PORT0",8,"G14",,,"LVCMOS33",,,,
"GPIO_HEADER_P3_PORT0",9,"F14",,,"LVCMOS33",,,,
"GPIO_HEADER_P3_PORT0",10,"G18",,,"LVCMOS33",,,,
"GPIO_HEADER_P3_PORT0",11,"G16",,,"LVCMOS33",,,,
"GPIO_HEADER_P3_PORT0",12,"F16",,,"LVCMOS33",,,,
"GPIO_HEADER_P3_PORT0",13,"F15",,,"LVCMOS33",,,,
"GPIO_HEADER_P3_PORT0",14,"F18",,,"LVCMOS33",,,,
"GPIO_HEADER_P3_PORT0",15,"F17",,,"LVCMOS33",,,,
"GPIO_HEADER_P3_PORT0",16,"E18",,,"LVCMOS33",,,,
"GPIO_HEADER_P3_PORT0",17,"E16",,,"LVCMOS33",,,,
"GPIO_HEADER_P3_PORT0",18,"D18",,,"LVCMOS33",,,,
"GPIO_HEADER_P3_PORT0",19,"D17",,,"LVCMOS33",,,,
"GPIO_HEADER_P3_PORT0",20,"C18",,,"LVCMOS33",,,,
"GPIO_HEADER_P3_PORT0",21,"C17",,,"LVCMOS33",,,,
"GPIO_HEADER_P3_PORT0",22,"A16",,,"LVCMOS33",,,,
"GPIO_HEADER_P3_PORT0",23,"B16",,,"LVCMOS33",,,,
"GPIO_HEADER_P3_PORT0",24,"A15",,,"LVCMOS33",,,,
"GPIO_HEADER_P3_PORT0",25,"C15",,,"LVCMOS33",,,,
"GPIO_HEADER_P3_PORT0",26,"C14",,,"LVCMOS33",,,,
"GPIO_HEADER_P3_PORT0",27,"D14",,,"LVCMOS33",,,,
"GPIO_HEADER_P3_PORT0",28,"A14",,,"LVCMOS33",,,,
"GPIO_HEADER_P3_PORT0",29,"B14",,,"LVCMOS33",,,,
"GPIO_HEADER_P3_PORT0",30,"E13",,,"LVCMOS33",,,,
"GPIO_HEADER_P3_PORT0",31,"F13",,,"LVCMOS33",,,,
,,,,,,,,,
"GPIO_HEADER_P3_PORT1",0,"A13",,,"LVCMOS33",,,,
"GPIO_HEADER_P3_PORT1",1,"C13",,,"LVCMOS33",,,,
"GPIO_HEADER_P3_PORT1",2,"A12",,,"LVCMOS33",,,,
"GPIO_HEADER_P3_PORT1",3,"B12",,,"LVCMOS33",,,,
"GPIO_HEADER_P3_PORT1",4,"C11",,,"LVCMOS33",,,,
"GPIO_HEADER_P3_PORT1",5,"D11",,,"LVCMOS33",,,,
"GPIO_HEADER_P3_PORT1",6,"A11",,,"LVCMOS33",,,,
"GPIO_HEADER_P3_PORT1",7,"B11",,,"LVCMOS33",,,,
"GPIO_HEADER_P3_PORT1",8,"A10",,,"LVCMOS33",,,,
"GPIO_HEADER_P3_PORT1",9,"C10",,,"LVCMOS33",,,,
"GPIO_HEADER_P3_PORT1",10,"F9",,,"LVCMOS33",,,,
"GPIO_HEADER_P3_PORT1",11,"G9",,,"LVCMOS33",,,,
"GPIO_HEADER_P3_PORT1",12,"C9",,,"LVCMOS33",,,,
"GPIO_HEADER_P3_PORT1",13,"D9",,,"LVCMOS33",,,,
"GPIO_HEADER_P3_PORT1",14,"A9",,,"LVCMOS33",,,,
"GPIO_HEADER_P3_PORT1",15,"B9",,,"LVCMOS33",,,,
"GPIO_HEADER_P3_PORT1",16,"C8",,,"LVCMOS33",,,,
"GPIO_HEADER_P3_PORT1",17,"D8",,,"LVCMOS33",,,,
"GPIO_HEADER_P3_PORT1",18,"A8",,,"LVCMOS33",,,,
"GPIO_HEADER_P3_PORT1",19,"B8",,,"LVCMOS33",,,,
"GPIO_HEADER_P3_PORT1",20,"A6",,,"LVCMOS33",,,,
"GPIO_HEADER_P3_PORT1",21,"C7",,,"LVCMOS33",,,,
"GPIO_HEADER_P3_PORT1",22,"B6",,,"LVCMOS33",,,,
"GPIO_HEADER_P3_PORT1",23,"A7",,,"LVCMOS33",,,,
"GPIO_HEADER_P3_PORT1",24,"C6",,,"LVCMOS33",,,,
"GPIO_HEADER_P3_PORT1",25,"D6",,,"LVCMOS33",,,,
"GPIO_HEADER_P3_PORT1",26,"A5",,,"LVCMOS33",,,,
"GPIO_HEADER_P3_PORT1",27,"C5",,,"LVCMOS33",,,,
"GPIO_HEADER_P3_PORT1",28,"A4",,,"LVCMOS33",,,,
"GPIO_HEADER_P3_PORT1",29,"B4",,,"LVCMOS33",,,,
"GPIO_HEADER_P3_PORT1",30,"A3",,,"LVCMOS33",,,,
"GPIO_HEADER_P3_PORT1",31,"B3",,,"LVCMOS33",,,,
,,,,,,,,,
,,,,,,,,,
"GPIO_HEADER_P2_PORT0",0,"K12",,,"LVCMOS33",,,,
"GPIO_HEADER_P2_PORT0",1,"K13",,,"LVCMOS33",,,,
"GPIO_HEADER_P2_PORT0",2,"L14",,,"LVCMOS33",,,,
"GPIO_HEADER_P2_PORT0",3,"M13",,,"LVCMOS33",,,,
"GPIO_HEADER_P2_PORT0",4,"M14",,,"LVCMOS33",,,,
"GPIO_HEADER_P2_PORT0",5,"N14",,,"LVCMOS33",,,,
"GPIO_HEADER_P2_PORT0",6,"L12",,,"LVCMOS33",,,,
"GPIO_HEADER_P2_PORT0",7,"L13",,,"LVCMOS33",,,,
"GPIO_HEADER_P2_PORT0",8,"L15",,,"LVCMOS33",,,,
"GPIO_HEADER_P2_PORT0",9,"L16",,,"LVCMOS33",,,,
"GPIO_HEADER_P2_PORT0",10,"K15",,,"LVCMOS33",,,,
"GPIO_HEADER_P2_PORT0",11,"K16",,,"LVCMOS33",,,,
"GPIO_HEADER_P2_PORT0",12,"N15",,,"LVCMOS33",,,,
"GPIO_HEADER_P2_PORT0",13,"N16",,,"LVCMOS33",,,,
"GPIO_HEADER_P2_PORT0",14,"T17",,,"LVCMOS33",,,,
"GPIO_HEADER_P2_PORT0",15,"T18",,,"LVCMOS33",,,,
"GPIO_HEADER_P2_PORT0",16,"P15",,,"LVCMOS33",,,,
"GPIO_HEADER_P2_PORT0",17,"P16",,,"LVCMOS33",,,,
"GPIO_HEADER_P2_PORT0",18,"U16",,,"LVCMOS33",,,,
"GPIO_HEADER_P2_PORT0",19,"V16",,,"LVCMOS33",,,,
"GPIO_HEADER_P2_PORT0",20,"U17",,,"LVCMOS33",,,,
"GPIO_HEADER_P2_PORT0",21,"U18",,,"LVCMOS33",,,,
"GPIO_HEADER_P2_PORT0",22,"T14",,,"LVCMOS33",,,,
"GPIO_HEADER_P2_PORT0",23,"V14",,,"LVCMOS33",,,,
"GPIO_HEADER_P2_PORT0",24,"U15",,,"LVCMOS33",,,,
"GPIO_HEADER_P2_PORT0",25,"V15",,,"LVCMOS33",,,,
"GPIO_HEADER_P2_PORT0",26,"T12",,,"LVCMOS33",,,,
"GPIO_HEADER_P2_PORT0",27,"V12",,,"LVCMOS33",,,,
"GPIO_HEADER_P2_PORT0",28,"U13",,,"LVCMOS33",,,,
"GPIO_HEADER_P2_PORT0",29,"V13",,,"LVCMOS33",,,,
"GPIO_HEADER_P2_PORT0",30,"R11",,,"LVCMOS33",,,,
"GPIO_HEADER_P2_PORT0",31,"T11",,,"LVCMOS33",,,,
,,,,,,,,,
"GPIO_HEADER_P2_PORT1",0,"M11",,,"LVCMOS33",,,,
"GPIO_HEADER_P2_PORT1",1,"N11",,,"LVCMOS33",,,,
"GPIO_HEADER_P2_PORT1",2,"N10",,,"LVCMOS33",,,,
"GPIO_HEADER_P2_PORT1",3,"P11",,,"LVCMOS33",,,,
"GPIO_HEADER_P2_PORT1",4,"U11",,,"LVCMOS33",,,,
"GPIO_HEADER_P2_PORT1",5,"V11",,,"LVCMOS33",,,,
"GPIO_HEADER_P2_PORT1",6,"R10",,,"LVCMOS33",,,,
"GPIO_HEADER_P2_PORT1",7,"T10",,,"LVCMOS33",,,,
"GPIO_HEADER_P2_PORT1",8,"M10",,,"LVCMOS33",,,,
"GPIO_HEADER_P2_PORT1",9,"N9",,,"LVCMOS33",,,,
"GPIO_HEADER_P2_PORT1",10,"T9",,,"LVCMOS33",,,,
"GPIO_HEADER_P2_PORT1",11,"V9",,,"LVCMOS33",,,,
"GPIO_HEADER_P2_PORT1",12,"R8",,,"LVCMOS33",,,,
"GPIO_HEADER_P2_PORT1",13,"T8",,,"LVCMOS33",,,,
"GPIO_HEADER_P2_PORT1",14,"N7",,,"LVCMOS33",,,,
"GPIO_HEADER_P2_PORT1",15,"P8",,,"LVCMOS33",,,,
"GPIO_HEADER_P2_PORT1",16,"M8",,,"LVCMOS33",,,,
"GPIO_HEADER_P2_PORT1",17,"N8",,,"LVCMOS33",,,,
"GPIO_HEADER_P2_PORT1",18,"U7",,,"LVCMOS33",,,,
"GPIO_HEADER_P2_PORT1",19,"V7",,,"LVCMOS33",,,,
"GPIO_HEADER_P2_PORT1",20,"U8",,,"LVCMOS33",,,,
"GPIO_HEADER_P2_PORT1",21,"V8",,,"LVCMOS33",,,,
"GPIO_HEADER_P2_PORT1",22,"R7",,,"LVCMOS33",,,,
"GPIO_HEADER_P2_PORT1",23,"T7",,,"LVCMOS33",,,,
"GPIO_HEADER_P2_PORT1",24,"N6",,,"LVCMOS33",,,,
"GPIO_HEADER_P2_PORT1",25,"P7",,,"LVCMOS33",,,,
"GPIO_HEADER_P2_PORT1",26,"N5",,,"LVCMOS33",,,,
"GPIO_HEADER_P2_PORT1",27,"P6",,,"LVCMOS33",,,,
"GPIO_HEADER_P2_PORT1",28,"T6",,,"LVCMOS33",,,,
"GPIO_HEADER_P2_PORT1",29,"V6",,,"LVCMOS33",,,,
"GPIO_HEADER_P2_PORT1",30,"R5",,,"LVCMOS33",,,,
"GPIO_HEADER_P2_PORT1",31,"T5",,,"LVCMOS33",,,,
,,,,,,,,,
"GPIO_HEADER_P2_PORT2",0,"U5",,,"LVCMOS33",,,,
"GPIO_HEADER_P2_PORT2",1,"V5",,,"LVCMOS33",,,,
"GPIO_HEADER_P2_PORT2",2,"R3",,,"LVCMOS33",,,,
"GPIO_HEADER_P2_PORT2",3,"T3",,,"LVCMOS33",,,,
"GPIO_HEADER_P2_PORT2",4,"T4",,,"LVCMOS33",,,,
"GPIO_HEADER_P2_PORT2",5,"V4",,,"LVCMOS33",,,,
,,,,,,,,,
"FT2232_UART_SOUT",,"L18",,,"LVCMOS33",,,,
"FT2232_UART_SIN",,"L17",,,"LVCMOS33",,,,
